,precision,recall,f1-score,support
High,1.0,1.0,1.0,16.0
Low,1.0,0.6666666666666666,0.8,3.0
Medium,0.5,1.0,0.6666666666666666,1.0
accuracy,0.95,0.95,0.95,0.95
macro avg,0.8333333333333334,0.8888888888888888,0.8222222222222223,20.0
weighted avg,0.975,0.95,0.9533333333333334,20.0
